--
-- PostgreSQL database dump
--

\restrict mdKxSWTp53DcNDSvfLozFgD71B5gAQRsK6THakqUwM5ErXvFYzHzqIFMl1R66PO

-- Dumped from database version 14.20 (Homebrew)
-- Dumped by pg_dump version 14.20 (Homebrew)

SET statement_timeout = 0;
SET lock_timeout = 0;
SET idle_in_transaction_session_timeout = 0;
SET client_encoding = 'UTF8';
SET standard_conforming_strings = on;
SELECT pg_catalog.set_config('search_path', '', false);
SET check_function_bodies = false;
SET xmloption = content;
SET client_min_messages = warning;
SET row_security = off;

DROP DATABASE IF EXISTS vehicleparts_db;
--
-- Name: vehicleparts_db; Type: DATABASE; Schema: -; Owner: -
--

CREATE DATABASE vehicleparts_db WITH TEMPLATE = template0 ENCODING = 'UTF8' LOCALE = 'en_US.UTF-8';


\unrestrict mdKxSWTp53DcNDSvfLozFgD71B5gAQRsK6THakqUwM5ErXvFYzHzqIFMl1R66PO
\connect vehicleparts_db
\restrict mdKxSWTp53DcNDSvfLozFgD71B5gAQRsK6THakqUwM5ErXvFYzHzqIFMl1R66PO

SET statement_timeout = 0;
SET lock_timeout = 0;
SET idle_in_transaction_session_timeout = 0;
SET client_encoding = 'UTF8';
SET standard_conforming_strings = on;
SELECT pg_catalog.set_config('search_path', '', false);
SET check_function_bodies = false;
SET xmloption = content;
SET client_min_messages = warning;
SET row_security = off;

SET default_tablespace = '';

SET default_table_access_method = heap;

--
-- Name: Appointments; Type: TABLE; Schema: public; Owner: -
--

CREATE TABLE public."Appointments" (
    "Id" integer NOT NULL,
    "CustomerId" integer NOT NULL,
    "AppointmentDate" timestamp with time zone NOT NULL,
    "ServiceType" text NOT NULL,
    "Status" text NOT NULL,
    "Notes" text,
    "CreatedAt" timestamp with time zone NOT NULL
);


--
-- Name: Appointments_Id_seq; Type: SEQUENCE; Schema: public; Owner: -
--

ALTER TABLE public."Appointments" ALTER COLUMN "Id" ADD GENERATED BY DEFAULT AS IDENTITY (
    SEQUENCE NAME public."Appointments_Id_seq"
    START WITH 1
    INCREMENT BY 1
    NO MINVALUE
    NO MAXVALUE
    CACHE 1
);


--
-- Name: Categories; Type: TABLE; Schema: public; Owner: -
--

CREATE TABLE public."Categories" (
    "Id" integer NOT NULL,
    "Name" text NOT NULL
);


--
-- Name: Categories_Id_seq; Type: SEQUENCE; Schema: public; Owner: -
--

ALTER TABLE public."Categories" ALTER COLUMN "Id" ADD GENERATED BY DEFAULT AS IDENTITY (
    SEQUENCE NAME public."Categories_Id_seq"
    START WITH 1
    INCREMENT BY 1
    NO MINVALUE
    NO MAXVALUE
    CACHE 1
);


--
-- Name: Customers; Type: TABLE; Schema: public; Owner: -
--

CREATE TABLE public."Customers" (
    "Id" integer NOT NULL,
    "FirstName" text NOT NULL,
    "LastName" text NOT NULL,
    "Email" text NOT NULL,
    "Phone" text,
    "PasswordHash" text,
    "VehicleMake" text,
    "VehicleModel" text,
    "VehicleNumber" text,
    "VehicleYear" integer,
    "VehicleType" text
);


--
-- Name: Customers_Id_seq; Type: SEQUENCE; Schema: public; Owner: -
--

ALTER TABLE public."Customers" ALTER COLUMN "Id" ADD GENERATED BY DEFAULT AS IDENTITY (
    SEQUENCE NAME public."Customers_Id_seq"
    START WITH 1
    INCREMENT BY 1
    NO MINVALUE
    NO MAXVALUE
    CACHE 1
);


--
-- Name: Notifications; Type: TABLE; Schema: public; Owner: -
--

CREATE TABLE public."Notifications" (
    "Id" integer NOT NULL,
    "Message" text NOT NULL,
    "IsRead" boolean NOT NULL,
    "CreatedAt" timestamp with time zone NOT NULL,
    "NotificationType" text DEFAULT ''::text NOT NULL,
    "PayloadJson" text,
    "ReferenceKey" text
);


--
-- Name: Notifications_Id_seq; Type: SEQUENCE; Schema: public; Owner: -
--

ALTER TABLE public."Notifications" ALTER COLUMN "Id" ADD GENERATED BY DEFAULT AS IDENTITY (
    SEQUENCE NAME public."Notifications_Id_seq"
    START WITH 1
    INCREMENT BY 1
    NO MINVALUE
    NO MAXVALUE
    CACHE 1
);


--
-- Name: OrderItems; Type: TABLE; Schema: public; Owner: -
--

CREATE TABLE public."OrderItems" (
    "OrderId" integer NOT NULL,
    "ProductId" integer NOT NULL,
    "Quantity" integer NOT NULL,
    "UnitPrice" numeric NOT NULL
);


--
-- Name: Orders; Type: TABLE; Schema: public; Owner: -
--

CREATE TABLE public."Orders" (
    "Id" integer NOT NULL,
    "OrderDate" timestamp with time zone NOT NULL,
    "Status" text NOT NULL,
    "CustomerId" integer NOT NULL,
    "AmountPaid" numeric DEFAULT 0.0 NOT NULL,
    "CreditDueDate" timestamp with time zone,
    "DiscountAmount" numeric DEFAULT 0.0 NOT NULL,
    "LoyaltyDiscountApplied" boolean DEFAULT false NOT NULL
);


--
-- Name: Orders_Id_seq; Type: SEQUENCE; Schema: public; Owner: -
--

ALTER TABLE public."Orders" ALTER COLUMN "Id" ADD GENERATED BY DEFAULT AS IDENTITY (
    SEQUENCE NAME public."Orders_Id_seq"
    START WITH 1
    INCREMENT BY 1
    NO MINVALUE
    NO MAXVALUE
    CACHE 1
);


--
-- Name: PartRequests; Type: TABLE; Schema: public; Owner: -
--

CREATE TABLE public."PartRequests" (
    "Id" integer NOT NULL,
    "CustomerId" integer NOT NULL,
    "PartName" text NOT NULL,
    "Description" text,
    "Status" text NOT NULL,
    "CreatedAt" timestamp with time zone NOT NULL
);


--
-- Name: PartRequests_Id_seq; Type: SEQUENCE; Schema: public; Owner: -
--

ALTER TABLE public."PartRequests" ALTER COLUMN "Id" ADD GENERATED BY DEFAULT AS IDENTITY (
    SEQUENCE NAME public."PartRequests_Id_seq"
    START WITH 1
    INCREMENT BY 1
    NO MINVALUE
    NO MAXVALUE
    CACHE 1
);


--
-- Name: Products; Type: TABLE; Schema: public; Owner: -
--

CREATE TABLE public."Products" (
    "Id" integer NOT NULL,
    "Name" text NOT NULL,
    "SKU" text NOT NULL,
    "Price" numeric NOT NULL,
    "StockQty" integer NOT NULL,
    "CategoryId" integer NOT NULL,
    "SupplierId" integer NOT NULL
);


--
-- Name: Products_Id_seq; Type: SEQUENCE; Schema: public; Owner: -
--

ALTER TABLE public."Products" ALTER COLUMN "Id" ADD GENERATED BY DEFAULT AS IDENTITY (
    SEQUENCE NAME public."Products_Id_seq"
    START WITH 1
    INCREMENT BY 1
    NO MINVALUE
    NO MAXVALUE
    CACHE 1
);


--
-- Name: PurchaseOrderItems; Type: TABLE; Schema: public; Owner: -
--

CREATE TABLE public."PurchaseOrderItems" (
    "Id" integer NOT NULL,
    "PurchaseOrderId" integer NOT NULL,
    "ProductId" integer NOT NULL,
    "Quantity" integer NOT NULL,
    "UnitCost" numeric NOT NULL
);


--
-- Name: PurchaseOrderItems_Id_seq; Type: SEQUENCE; Schema: public; Owner: -
--

ALTER TABLE public."PurchaseOrderItems" ALTER COLUMN "Id" ADD GENERATED BY DEFAULT AS IDENTITY (
    SEQUENCE NAME public."PurchaseOrderItems_Id_seq"
    START WITH 1
    INCREMENT BY 1
    NO MINVALUE
    NO MAXVALUE
    CACHE 1
);


--
-- Name: PurchaseOrders; Type: TABLE; Schema: public; Owner: -
--

CREATE TABLE public."PurchaseOrders" (
    "Id" integer NOT NULL,
    "OrderDate" timestamp with time zone NOT NULL,
    "Status" text NOT NULL,
    "SupplierId" integer NOT NULL
);


--
-- Name: PurchaseOrders_Id_seq; Type: SEQUENCE; Schema: public; Owner: -
--

ALTER TABLE public."PurchaseOrders" ALTER COLUMN "Id" ADD GENERATED BY DEFAULT AS IDENTITY (
    SEQUENCE NAME public."PurchaseOrders_Id_seq"
    START WITH 1
    INCREMENT BY 1
    NO MINVALUE
    NO MAXVALUE
    CACHE 1
);


--
-- Name: Reviews; Type: TABLE; Schema: public; Owner: -
--

CREATE TABLE public."Reviews" (
    "Id" integer NOT NULL,
    "CustomerId" integer NOT NULL,
    "Rating" integer NOT NULL,
    "Comment" text,
    "CreatedAt" timestamp with time zone NOT NULL
);


--
-- Name: Reviews_Id_seq; Type: SEQUENCE; Schema: public; Owner: -
--

ALTER TABLE public."Reviews" ALTER COLUMN "Id" ADD GENERATED BY DEFAULT AS IDENTITY (
    SEQUENCE NAME public."Reviews_Id_seq"
    START WITH 1
    INCREMENT BY 1
    NO MINVALUE
    NO MAXVALUE
    CACHE 1
);


--
-- Name: Staff; Type: TABLE; Schema: public; Owner: -
--

CREATE TABLE public."Staff" (
    "Id" integer NOT NULL,
    "FirstName" text NOT NULL,
    "LastName" text NOT NULL,
    "Email" text NOT NULL,
    "Role" text NOT NULL,
    "IsActive" boolean NOT NULL,
    "CreatedAt" timestamp with time zone NOT NULL,
    "LastLoginAt" timestamp with time zone,
    "PasswordHash" text
);


--
-- Name: Staff_Id_seq; Type: SEQUENCE; Schema: public; Owner: -
--

ALTER TABLE public."Staff" ALTER COLUMN "Id" ADD GENERATED BY DEFAULT AS IDENTITY (
    SEQUENCE NAME public."Staff_Id_seq"
    START WITH 1
    INCREMENT BY 1
    NO MINVALUE
    NO MAXVALUE
    CACHE 1
);


--
-- Name: Suppliers; Type: TABLE; Schema: public; Owner: -
--

CREATE TABLE public."Suppliers" (
    "Id" integer NOT NULL,
    "Name" text NOT NULL,
    "Email" text NOT NULL,
    "Phone" text
);


--
-- Name: Suppliers_Id_seq; Type: SEQUENCE; Schema: public; Owner: -
--

ALTER TABLE public."Suppliers" ALTER COLUMN "Id" ADD GENERATED BY DEFAULT AS IDENTITY (
    SEQUENCE NAME public."Suppliers_Id_seq"
    START WITH 1
    INCREMENT BY 1
    NO MINVALUE
    NO MAXVALUE
    CACHE 1
);


--
-- Name: __EFMigrationsHistory; Type: TABLE; Schema: public; Owner: -
--

CREATE TABLE public."__EFMigrationsHistory" (
    "MigrationId" character varying(150) NOT NULL,
    "ProductVersion" character varying(32) NOT NULL
);


--
-- Data for Name: Appointments; Type: TABLE DATA; Schema: public; Owner: -
--

COPY public."Appointments" ("Id", "CustomerId", "AppointmentDate", "ServiceType", "Status", "Notes", "CreatedAt") FROM stdin;
1	1	2026-05-20 10:00:00+05:45	Oil Change	Pending	Please use 5W-30	2026-05-16 12:29:15.53694+05:45
2	2	2026-05-21 11:00:00+05:45	Brake Service	Confirmed	Front brakes squeaking	2026-05-16 12:29:15.53694+05:45
3	3	2026-05-22 09:00:00+05:45	Tyre Rotation	Pending	\N	2026-05-16 12:29:15.53694+05:45
4	4	2026-05-23 14:00:00+05:45	Engine Check	Pending	Check engine light on	2026-05-16 12:29:15.53694+05:45
5	5	2026-05-24 10:00:00+05:45	Battery Replacement	Confirmed	Battery draining overnight	2026-05-16 12:29:15.53694+05:45
6	6	2026-05-25 15:00:00+05:45	AC Service	Pending	\N	2026-05-16 12:29:15.53694+05:45
7	7	2026-05-26 09:30:00+05:45	Wheel Alignment	Confirmed	\N	2026-05-16 12:29:15.53694+05:45
8	8	2026-05-27 10:00:00+05:45	General Service	Pending	50,000 km service due	2026-05-16 12:29:15.53694+05:45
9	9	2026-05-28 11:00:00+05:45	Transmission Service	Pending	Gear slipping on 3rd	2026-05-16 12:29:15.53694+05:45
10	10	2026-05-29 14:00:00+05:45	Oil Change	Confirmed	\N	2026-05-16 12:29:15.53694+05:45
11	11	2026-05-30 10:00:00+05:45	Air Filter Replacement	Pending	\N	2026-05-16 12:29:15.53694+05:45
12	12	2026-06-02 09:00:00+05:45	Brake Service	Pending	Rear brakes worn out	2026-05-16 12:29:15.53694+05:45
13	1	2026-04-10 10:00:00+05:45	General Service	Completed	Done	2026-05-16 12:29:15.53694+05:45
14	2	2026-04-15 11:00:00+05:45	Oil Change	Completed	\N	2026-05-16 12:29:15.53694+05:45
15	3	2026-03-20 09:00:00+05:45	Tyre Rotation	Cancelled	Customer rescheduled	2026-05-16 12:29:15.53694+05:45
\.


--
-- Data for Name: Categories; Type: TABLE DATA; Schema: public; Owner: -
--

COPY public."Categories" ("Id", "Name") FROM stdin;
1	Engine Parts
2	Brake System
3	Tyres & Wheels
4	Electrical
5	Suspension
6	Filters
7	Transmission
8	Exhaust System
9	Cooling System
10	Body & Exterior
11	Lighting
12	Fluids & Lubricants
\.


--
-- Data for Name: Customers; Type: TABLE DATA; Schema: public; Owner: -
--

COPY public."Customers" ("Id", "FirstName", "LastName", "Email", "Phone", "PasswordHash", "VehicleMake", "VehicleModel", "VehicleNumber", "VehicleYear", "VehicleType") FROM stdin;
2	Sita	Thapa	sita.thapa@gmail.com	9801000002	$2b$11$b7e3DWDHvtcVc3rr020Ng.N8YvxFI6jzQd5a5V81S9dBuXwotsSAe	Honda	City	BA 2 KHA 2345	2019	Sedan
3	Ramesh	Karki	ramesh.karki@gmail.com	9801000003	$2b$11$b7e3DWDHvtcVc3rr020Ng.N8YvxFI6jzQd5a5V81S9dBuXwotsSAe	Suzuki	Swift	BA 3 KHA 3456	2021	Hatchback
4	Priya	Rai	priya.rai@gmail.com	9801000004	$2b$11$b7e3DWDHvtcVc3rr020Ng.N8YvxFI6jzQd5a5V81S9dBuXwotsSAe	Hyundai	i20	BA 4 KHA 4567	2022	Hatchback
5	Bikram	Gurung	bikram.gurung@gmail.com	9801000005	$2b$11$b7e3DWDHvtcVc3rr020Ng.N8YvxFI6jzQd5a5V81S9dBuXwotsSAe	Mahindra	Scorpio	BA 5 KHA 5678	2018	SUV
6	Sunita	Magar	sunita.magar@gmail.com	9801000006	$2b$11$b7e3DWDHvtcVc3rr020Ng.N8YvxFI6jzQd5a5V81S9dBuXwotsSAe	Kia	Sonet	BA 6 KHA 6789	2023	SUV
7	Dipak	Limbu	dipak.limbu@gmail.com	9801000007	$2b$11$b7e3DWDHvtcVc3rr020Ng.N8YvxFI6jzQd5a5V81S9dBuXwotsSAe	Tata	Nexon	BA 7 KHA 7890	2021	SUV
8	Anjali	Shrestha	anjali.shrestha@gmail.com	9801000008	$2b$11$b7e3DWDHvtcVc3rr020Ng.N8YvxFI6jzQd5a5V81S9dBuXwotsSAe	Nissan	Sunny	BA 8 KHA 8901	2017	Sedan
9	Suresh	Bista	suresh.bista@gmail.com	9801000009	$2b$11$b7e3DWDHvtcVc3rr020Ng.N8YvxFI6jzQd5a5V81S9dBuXwotsSAe	Ford	EcoSport	BA 9 KHA 9012	2020	SUV
10	Kamala	Poudel	kamala.poudel@gmail.com	9801000010	$2b$11$b7e3DWDHvtcVc3rr020Ng.N8YvxFI6jzQd5a5V81S9dBuXwotsSAe	Toyota	Fortuner	BA 10 KHA 0123	2022	SUV
11	Nabin	Adhikari	nabin.adhikari@gmail.com	9801000011	$2b$11$b7e3DWDHvtcVc3rr020Ng.N8YvxFI6jzQd5a5V81S9dBuXwotsSAe	Honda	WR-V	BA 11 KHA 1124	2021	SUV
12	Manita	Tamang	manita.tamang@gmail.com	9801000012	$2b$11$b7e3DWDHvtcVc3rr020Ng.N8YvxFI6jzQd5a5V81S9dBuXwotsSAe	Maruti	Wagon R	BA 12 KHA 2235	2019	Hatchback
1	Anil	Sharma	anil.sharma@gmail.com	9801000001	$2b$11$b7e3DWDHvtcVc3rr020Ng.N8YvxFI6jzQd5a5V81S9dBuXwotsSAe	Toyota	Hilux	BA 1 KHA 1122	2020	Pickup
14	Sakdumb	BashNet	suckdumb@example.com	9898767654	$2a$11$Lof1gh0OaHgm74y2Vd4wMe0QLytjAUbTqDJUaT0QAQJFNnpLYOSpW	Ford	Bolero	dumb-basnet123	1990	AUV
16	Smoke	Test	smoke+1@example.com	000-111	\N	Test	X	SMK-001	2020	Sedan
17	Smoke	Test	smoke+1@example.com	000-111	\N	Test	X	SMK-001	2020	Sedan
18	Cust	User	smoke-cust@example.com	\N	$2a$11$Bybas4Ep2PdffvIejSsQ4Oc0mIKHTOTsbhlrdENQ0Hvldhh90Z64O	\N	\N	SMK-002	\N	\N
13	Customer	First	cust1@vehicleparts.com	+977985544554	$2a$11$8sirDB75dQHTSECmi.aVr.3e9xpGwdKZql0gzN9wHjRzocNImBv8e	Toyota	Corolla	WBM-1001	2020	Sedan
\.


--
-- Data for Name: Notifications; Type: TABLE DATA; Schema: public; Owner: -
--

COPY public."Notifications" ("Id", "Message", "IsRead", "CreatedAt", "NotificationType", "PayloadJson", "ReferenceKey") FROM stdin;
2	Payment received for order #0002.	t	2026-04-26 12:29:15.539542+05:45	Payment	\N	order-2
4	New customer registered: Sunita Magar.	t	2026-05-04 12:29:15.539542+05:45	Customer	\N	customer-6
6	Appointment booked by Dipak Limbu.	t	2026-05-08 12:29:15.539542+05:45	Appointment	\N	appt-7
9	Stock replenished: 100 units of Oil Filter.	t	2026-05-14 12:29:15.539542+05:45	PurchaseOrder	\N	po-11
14	System: Database seeded successfully.	t	2026-05-16 12:29:15.539542+05:45	System	\N	seed
1	New order #0001 placed by Anil Sharma.	t	2026-04-21 12:29:15.539542+05:45	Order	\N	order-1
3	Low stock alert: Engine Oil Filter (5 left).	t	2026-05-01 12:29:15.539542+05:45	LowStock	\N	product-1
5	Purchase order #0006 pending receipt.	t	2026-05-06 12:29:15.539542+05:45	PurchaseOrder	\N	po-6
7	Credit reminder sent to Bikram Gurung.	t	2026-05-10 12:29:15.539542+05:45	CreditReminder	\N	order-5
8	New review submitted — Rating: 5 ⭐	t	2026-05-13 12:29:15.539542+05:45	Review	\N	review-7
10	Part request received from Anjali Shrestha.	t	2026-05-15 12:29:15.539542+05:45	PartRequest	\N	pr-8
11	Order #0010 used loyalty discount (10%).	t	2026-05-16 12:29:15.539542+05:45	Order	\N	order-10
12	New appointment scheduled for 20 May 2026.	t	2026-05-16 12:29:15.539542+05:45	Appointment	\N	appt-1
13	Purchase order #0008 awaiting delivery.	t	2026-05-16 12:29:15.539542+05:45	PurchaseOrder	\N	po-8
15	Monthly financial report is ready.	t	2026-05-16 12:29:15.539542+05:45	Report	\N	report-may
16	Credit reminder sent to Bikram Gurung for order #5 ($17,500.00 overdue).	t	2026-05-17 12:35:21.791775+05:45	CreditReminder	{"orderId":5,"customerId":5,"customerName":"Bikram Gurung","customerEmail":"bikram.gurung@gmail.com","orderDate":"2026-02-10T10:15:00Z","dueDate":"2026-03-09T18:15:00Z","overdueDays":69,"orderTotal":17500.00,"amountPaid":0.00,"outstandingAmount":17500.00,"status":"Pending","subject":"Credit reminder for order #5","body":"Dear Bikram Gurung, your order #5 is overdue by 69 day(s). Outstanding balance: $17,500.00. Please settle the balance as soon as possible."}	credit-reminder:order:5
\.


--
-- Data for Name: OrderItems; Type: TABLE DATA; Schema: public; Owner: -
--

COPY public."OrderItems" ("OrderId", "ProductId", "Quantity", "UnitPrice") FROM stdin;
1	1	2	450.00
1	2	1	650.00
1	19	4	350.00
2	10	1	9500.00
3	5	1	1800.00
3	6	1	1200.00
4	8	1	8500.00
4	15	1	950.00
4	1	1	450.00
4	17	1	1100.00
5	11	1	15000.00
5	4	1	2500.00
6	9	1	12000.00
7	7	1	3200.00
7	18	1	5500.00
8	12	2	4500.00
8	13	1	3800.00
8	19	2	350.00
8	1	1	450.00
9	14	1	11000.00
9	15	2	950.00
10	8	2	8500.00
10	10	2	9500.00
10	11	1	15000.00
10	9	1	12000.00
11	16	1	6500.00
11	17	2	1100.00
11	2	2	650.00
12	3	1	1200.00
12	19	4	350.00
12	1	2	450.00
13	5	2	1800.00
14	6	1	1400.00
14	7	1	3200.00
14	15	3	950.00
15	17	1	1100.00
16	3	1	1200.00
16	20	2	1800.00
17	3	1	1200
17	5	1	1800
21	4	1	2500.0
22	4	1	2500.0
23	4	1	2500.0
\.


--
-- Data for Name: Orders; Type: TABLE DATA; Schema: public; Owner: -
--

COPY public."Orders" ("Id", "OrderDate", "Status", "CustomerId", "AmountPaid", "CreditDueDate", "DiscountAmount", "LoyaltyDiscountApplied") FROM stdin;
1	2026-01-05 10:00:00+05:45	Paid	1	2700.00	\N	0	f
2	2026-01-12 11:30:00+05:45	Paid	2	9500.00	\N	0	f
3	2026-01-18 09:15:00+05:45	Paid	3	3000.00	\N	0	f
4	2026-02-02 14:00:00+05:45	Paid	4	11000.00	\N	0	f
5	2026-02-10 16:00:00+05:45	Pending	5	0.00	2026-03-10 00:00:00+05:45	0	f
6	2026-02-14 10:30:00+05:45	Paid	6	9800.00	\N	0	f
7	2026-02-20 09:00:00+05:45	Paid	7	5500.00	\N	0	f
8	2026-03-01 13:00:00+05:45	Paid	8	13700.00	\N	0	f
9	2026-03-08 15:00:00+05:45	Pending	9	0.00	2026-04-08 00:00:00+05:45	0	f
10	2026-03-15 10:00:00+05:45	Paid	10	56700.00	\N	6300	t
11	2026-03-22 11:00:00+05:45	Shipped	1	5400.00	\N	0	f
12	2026-04-01 09:30:00+05:45	Paid	2	3600.00	\N	0	f
13	2026-04-08 14:00:00+05:45	Cancelled	3	0.00	\N	0	f
14	2026-04-15 10:00:00+05:45	Paid	4	7600.00	\N	0	f
15	2026-04-22 16:00:00+05:45	Paid	11	1100.00	\N	0	f
16	2026-05-01 10:00:00+05:45	Pending	12	0.00	2026-06-01 00:00:00+05:45	0	f
17	2026-05-19 05:45:00+05:45	Paid	13	3000	2026-06-18 05:45:00+05:45	0	f
21	2026-05-28 17:09:19.388979+05:45	Pending	1	0	2026-06-27 17:09:19.388979+05:45	0	f
22	2026-05-28 17:09:19.507501+05:45	Pending	1	0	2026-06-27 17:09:19.507501+05:45	0	f
23	2026-05-28 17:09:19.527866+05:45	Pending	1	0	2026-06-27 17:09:19.527866+05:45	0	f
\.


--
-- Data for Name: PartRequests; Type: TABLE DATA; Schema: public; Owner: -
--

COPY public."PartRequests" ("Id", "CustomerId", "PartName", "Description", "Status", "CreatedAt") FROM stdin;
1	1	Hood Strut Support	Left side strut broken	Pending	2026-05-06 12:29:15.538083+05:45
2	2	Side Mirror Glass	Passenger side cracked	Fulfilled	2026-05-08 12:29:15.538083+05:45
3	3	Wiper Blades 24"	\N	Pending	2026-05-09 12:29:15.538083+05:45
4	4	Radiator Cap	OEM preferred	Pending	2026-05-10 12:29:15.538083+05:45
5	5	Fuel Pump	Vehicle not starting, suspect fuel pump	Pending	2026-05-11 12:29:15.538083+05:45
6	6	AC Compressor Belt	Making squealing noise	Fulfilled	2026-05-12 12:29:15.538083+05:45
7	7	Door Handle (Rear)	Right rear door handle broken	Rejected	2026-05-13 12:29:15.538083+05:45
8	8	CV Joint Boot Kit	\N	Pending	2026-05-14 12:29:15.538083+05:45
9	9	Power Steering Fluid	1 litre needed	Fulfilled	2026-05-15 12:29:15.538083+05:45
10	10	Fog Light Assembly	Front left fog light cracked	Pending	2026-05-16 12:29:15.538083+05:45
11	11	Seat Cover Set	Full set for 5-seater	Pending	2026-05-16 12:29:15.538083+05:45
12	12	Dashboard Cover	Sun-damaged original	Pending	2026-05-16 12:29:15.538083+05:45
13	13	rear wiper blade	single wiper on rear	Pending	2026-05-19 20:28:55.540121+05:45
14	13	front wiper blade	single blade only	Pending	2026-05-19 20:29:16.580943+05:45
\.


--
-- Data for Name: Products; Type: TABLE DATA; Schema: public; Owner: -
--

COPY public."Products" ("Id", "Name", "SKU", "Price", "StockQty", "CategoryId", "SupplierId") FROM stdin;
8	Tubeless Tyre 185/65 R15	TYR-001	8500.00	20	3	5
9	Alloy Wheel 15"	TYR-002	12000.00	10	3	6
11	Alternator	ELE-002	15000.00	8	4	5
14	Radiator	COO-001	11000.00	8	9	6
15	Coolant 5L	COO-002	950.00	45	9	9
18	Clutch Plate Set	TRN-002	5500.00	12	7	8
20	Engine Oil 5W-30 (4L)	FLD-001	1800.00	55	12	10
1	Engine Oil Filter	ENG-001	550	50	1	2
21	Mass Air Flow Sensor	00-102-003894	900	100	1	3
2	Air Filter	ENG-002	650.00	40	6	6
22	Clutch Zitter Ring	ENG-00112	250	50	7	6
12	Shock Absorber Front	SUS-001	4500.00	43	5	7
13	Coil Spring Set	SUS-002	3800.00	34	5	8
6	Rear Brake Shoes	BRK-002	126	28	2	4
3	Spark Plug Set (4pcs)	ENG-003	1200.00	29	1	1
5	Front Brake Pads	BRK-001	1800.00	34	2	2
16	Exhaust Catalytic Converter	EXH-001	6500.00	10	8	7
19	Parking Light	LGT-001	350.00	60	11	9
7	Brake Disc Rotor	BRK-003	3200.00	14	2	3
17	Gear Oil 3L	TRN-001	1100.00	34	7	10
10	Car Battery 60Ah	ELE-001	9500.00	11	4	4
4	Timing Belt	ENG-004	2500.00	17	1	3
\.


--
-- Data for Name: PurchaseOrderItems; Type: TABLE DATA; Schema: public; Owner: -
--

COPY public."PurchaseOrderItems" ("Id", "PurchaseOrderId", "ProductId", "Quantity", "UnitCost") FROM stdin;
1	1	1	100	300.00
2	1	2	80	450.00
3	2	5	60	1200.00
4	2	6	50	950.00
5	3	4	30	1800.00
6	3	3	50	800.00
7	4	10	20	7000.00
8	4	19	100	220.00
9	5	8	30	6000.00
10	5	9	15	8500.00
11	6	11	10	11000.00
12	6	14	8	8000.00
13	7	16	15	4500.00
14	7	17	60	750.00
15	8	12	25	3200.00
16	8	13	20	2700.00
17	9	15	80	650.00
18	9	20	60	1300.00
19	10	7	20	2300.00
20	10	18	15	4000.00
21	11	1	100	300.00
22	11	19	120	220.00
23	12	5	40	1200.00
24	12	6	35	950.00
\.


--
-- Data for Name: PurchaseOrders; Type: TABLE DATA; Schema: public; Owner: -
--

COPY public."PurchaseOrders" ("Id", "OrderDate", "Status", "SupplierId") FROM stdin;
1	2026-01-03 09:00:00+05:45	Received	1
2	2026-01-10 10:00:00+05:45	Received	2
3	2026-01-20 11:00:00+05:45	Received	3
4	2026-02-01 09:00:00+05:45	Received	4
5	2026-02-15 14:00:00+05:45	Received	5
6	2026-03-01 09:30:00+05:45	Pending	6
7	2026-03-10 10:00:00+05:45	Received	7
9	2026-04-01 09:00:00+05:45	Received	9
10	2026-04-10 14:00:00+05:45	Pending	10
11	2026-04-20 10:30:00+05:45	Received	1
12	2026-05-01 09:00:00+05:45	Pending	2
8	2026-03-20 11:00:00+05:45	Received	8
\.


--
-- Data for Name: Reviews; Type: TABLE DATA; Schema: public; Owner: -
--

COPY public."Reviews" ("Id", "CustomerId", "Rating", "Comment", "CreatedAt") FROM stdin;
1	1	5	Excellent service! Got my parts quickly.	2026-04-16 12:29:15.53896+05:45
2	2	4	Good quality parts, delivery was a bit slow.	2026-04-21 12:29:15.53896+05:45
3	3	5	Very professional team. Highly recommend!	2026-04-26 12:29:15.53896+05:45
4	4	3	Parts were okay but packaging was damaged.	2026-04-28 12:29:15.53896+05:45
5	5	5	Best auto parts shop in Kathmandu!	2026-05-01 12:29:15.53896+05:45
6	6	4	Great prices, will shop again.	2026-05-04 12:29:15.53896+05:45
7	7	5	Fast delivery and genuine parts.	2026-05-06 12:29:15.53896+05:45
8	8	2	Wrong part delivered, took long to resolve.	2026-05-08 12:29:15.53896+05:45
9	9	4	Friendly staff and good inventory.	2026-05-11 12:29:15.53896+05:45
10	10	5	Loyalty discount was a pleasant surprise!	2026-05-13 12:29:15.53896+05:45
11	11	4	Good experience overall.	2026-05-14 12:29:15.53896+05:45
12	12	5	Quick response and quality assured.	2026-05-15 12:29:15.53896+05:45
\.


--
-- Data for Name: Staff; Type: TABLE DATA; Schema: public; Owner: -
--

COPY public."Staff" ("Id", "FirstName", "LastName", "Email", "Role", "IsActive", "CreatedAt", "LastLoginAt", "PasswordHash") FROM stdin;
1	Admin	User	admin@vehicleparts.com	Admin	t	2026-05-16 11:11:47.589721+05:45	2026-05-28 16:47:06.463905+05:45	$2a$11$3fWwlbQk8mxa8o1n8HhXv.wzrFcFeQRSCgCyhcMQuJpwmVOimrmhi
2	Staff	Member	staff1@vehicleparts.com	Staff	t	2026-05-16 11:11:47.889289+05:45	2026-05-28 17:09:19.231461+05:45	$2a$11$5w16yIrux5R9n/gX87hC2O/MbQ6pSvg7Y8z.zqxC7kk9taRvtFRna
4	Nitish 	Kumar	Kumarnitish@yahoo.com	Staff	t	2026-05-19 23:22:27.061384+05:45	2026-05-19 23:22:45.658635+05:45	$2a$11$994vpEqEH2cXz13HRsagYuHRGj0LxJSOxLJURdbTFphV9SL9puH2O
\.


--
-- Data for Name: Suppliers; Type: TABLE DATA; Schema: public; Owner: -
--

COPY public."Suppliers" ("Id", "Name", "Email", "Phone") FROM stdin;
1	AutoParts Pro	sales@autopartspro.com	9841100001
2	MechWorld Supplies	orders@mechworld.com	9841100002
3	Nepal Auto Traders	info@nepalauto.com	9841100003
4	KTM Parts Hub	ktmpartshub@gmail.com	9841100004
5	Himalayan Spares	supply@himalayanspares.com	9841100005
6	Everest Auto Co.	contact@everestautoco.com	9841100006
7	Pokhara Parts Ltd.	info@pokharaparts.com	9841100007
8	Janakpur Auto Store	janakpurauto@gmail.com	9841100008
9	Birgunj Auto Depot	birgunjauto@gmail.com	9841100009
10	Lumbini Spares Co.	lumbinispares@gmail.com	9841100010
11	Bishnu Auto	bishnutimilsina@gamil.com	+97798555553333
\.


--
-- Data for Name: __EFMigrationsHistory; Type: TABLE DATA; Schema: public; Owner: -
--

COPY public."__EFMigrationsHistory" ("MigrationId", "ProductVersion") FROM stdin;
20260424180315_InitialCreate	9.0.3
20260424181532_AddNotifications	9.0.3
20260511170017_AddStaffTable	9.0.3
20260511183714_AddCreditReminderSupport	9.0.3
20260515074605_AddCustomerAndOperationalTables	9.0.3
20260515080605_AddAuthAndVehicleFields	9.0.3
\.


--
-- Name: Appointments_Id_seq; Type: SEQUENCE SET; Schema: public; Owner: -
--

SELECT pg_catalog.setval('public."Appointments_Id_seq"', 15, true);


--
-- Name: Categories_Id_seq; Type: SEQUENCE SET; Schema: public; Owner: -
--

SELECT pg_catalog.setval('public."Categories_Id_seq"', 12, true);


--
-- Name: Customers_Id_seq; Type: SEQUENCE SET; Schema: public; Owner: -
--

SELECT pg_catalog.setval('public."Customers_Id_seq"', 18, true);


--
-- Name: Notifications_Id_seq; Type: SEQUENCE SET; Schema: public; Owner: -
--

SELECT pg_catalog.setval('public."Notifications_Id_seq"', 16, true);


--
-- Name: Orders_Id_seq; Type: SEQUENCE SET; Schema: public; Owner: -
--

SELECT pg_catalog.setval('public."Orders_Id_seq"', 23, true);


--
-- Name: PartRequests_Id_seq; Type: SEQUENCE SET; Schema: public; Owner: -
--

SELECT pg_catalog.setval('public."PartRequests_Id_seq"', 15, true);


--
-- Name: Products_Id_seq; Type: SEQUENCE SET; Schema: public; Owner: -
--

SELECT pg_catalog.setval('public."Products_Id_seq"', 23, true);


--
-- Name: PurchaseOrderItems_Id_seq; Type: SEQUENCE SET; Schema: public; Owner: -
--

SELECT pg_catalog.setval('public."PurchaseOrderItems_Id_seq"', 24, true);


--
-- Name: PurchaseOrders_Id_seq; Type: SEQUENCE SET; Schema: public; Owner: -
--

SELECT pg_catalog.setval('public."PurchaseOrders_Id_seq"', 12, true);


--
-- Name: Reviews_Id_seq; Type: SEQUENCE SET; Schema: public; Owner: -
--

SELECT pg_catalog.setval('public."Reviews_Id_seq"', 12, true);


--
-- Name: Staff_Id_seq; Type: SEQUENCE SET; Schema: public; Owner: -
--

SELECT pg_catalog.setval('public."Staff_Id_seq"', 4, true);


--
-- Name: Suppliers_Id_seq; Type: SEQUENCE SET; Schema: public; Owner: -
--

SELECT pg_catalog.setval('public."Suppliers_Id_seq"', 11, true);


--
-- Name: Appointments PK_Appointments; Type: CONSTRAINT; Schema: public; Owner: -
--

ALTER TABLE ONLY public."Appointments"
    ADD CONSTRAINT "PK_Appointments" PRIMARY KEY ("Id");


--
-- Name: Categories PK_Categories; Type: CONSTRAINT; Schema: public; Owner: -
--

ALTER TABLE ONLY public."Categories"
    ADD CONSTRAINT "PK_Categories" PRIMARY KEY ("Id");


--
-- Name: Customers PK_Customers; Type: CONSTRAINT; Schema: public; Owner: -
--

ALTER TABLE ONLY public."Customers"
    ADD CONSTRAINT "PK_Customers" PRIMARY KEY ("Id");


--
-- Name: Notifications PK_Notifications; Type: CONSTRAINT; Schema: public; Owner: -
--

ALTER TABLE ONLY public."Notifications"
    ADD CONSTRAINT "PK_Notifications" PRIMARY KEY ("Id");


--
-- Name: OrderItems PK_OrderItems; Type: CONSTRAINT; Schema: public; Owner: -
--

ALTER TABLE ONLY public."OrderItems"
    ADD CONSTRAINT "PK_OrderItems" PRIMARY KEY ("OrderId", "ProductId");


--
-- Name: Orders PK_Orders; Type: CONSTRAINT; Schema: public; Owner: -
--

ALTER TABLE ONLY public."Orders"
    ADD CONSTRAINT "PK_Orders" PRIMARY KEY ("Id");


--
-- Name: PartRequests PK_PartRequests; Type: CONSTRAINT; Schema: public; Owner: -
--

ALTER TABLE ONLY public."PartRequests"
    ADD CONSTRAINT "PK_PartRequests" PRIMARY KEY ("Id");


--
-- Name: Products PK_Products; Type: CONSTRAINT; Schema: public; Owner: -
--

ALTER TABLE ONLY public."Products"
    ADD CONSTRAINT "PK_Products" PRIMARY KEY ("Id");


--
-- Name: PurchaseOrderItems PK_PurchaseOrderItems; Type: CONSTRAINT; Schema: public; Owner: -
--

ALTER TABLE ONLY public."PurchaseOrderItems"
    ADD CONSTRAINT "PK_PurchaseOrderItems" PRIMARY KEY ("Id");


--
-- Name: PurchaseOrders PK_PurchaseOrders; Type: CONSTRAINT; Schema: public; Owner: -
--

ALTER TABLE ONLY public."PurchaseOrders"
    ADD CONSTRAINT "PK_PurchaseOrders" PRIMARY KEY ("Id");


--
-- Name: Reviews PK_Reviews; Type: CONSTRAINT; Schema: public; Owner: -
--

ALTER TABLE ONLY public."Reviews"
    ADD CONSTRAINT "PK_Reviews" PRIMARY KEY ("Id");


--
-- Name: Staff PK_Staff; Type: CONSTRAINT; Schema: public; Owner: -
--

ALTER TABLE ONLY public."Staff"
    ADD CONSTRAINT "PK_Staff" PRIMARY KEY ("Id");


--
-- Name: Suppliers PK_Suppliers; Type: CONSTRAINT; Schema: public; Owner: -
--

ALTER TABLE ONLY public."Suppliers"
    ADD CONSTRAINT "PK_Suppliers" PRIMARY KEY ("Id");


--
-- Name: __EFMigrationsHistory PK___EFMigrationsHistory; Type: CONSTRAINT; Schema: public; Owner: -
--

ALTER TABLE ONLY public."__EFMigrationsHistory"
    ADD CONSTRAINT "PK___EFMigrationsHistory" PRIMARY KEY ("MigrationId");


--
-- Name: IX_Appointments_CustomerId; Type: INDEX; Schema: public; Owner: -
--

CREATE INDEX "IX_Appointments_CustomerId" ON public."Appointments" USING btree ("CustomerId");


--
-- Name: IX_OrderItems_ProductId; Type: INDEX; Schema: public; Owner: -
--

CREATE INDEX "IX_OrderItems_ProductId" ON public."OrderItems" USING btree ("ProductId");


--
-- Name: IX_Orders_CustomerId; Type: INDEX; Schema: public; Owner: -
--

CREATE INDEX "IX_Orders_CustomerId" ON public."Orders" USING btree ("CustomerId");


--
-- Name: IX_PartRequests_CustomerId; Type: INDEX; Schema: public; Owner: -
--

CREATE INDEX "IX_PartRequests_CustomerId" ON public."PartRequests" USING btree ("CustomerId");


--
-- Name: IX_Products_CategoryId; Type: INDEX; Schema: public; Owner: -
--

CREATE INDEX "IX_Products_CategoryId" ON public."Products" USING btree ("CategoryId");


--
-- Name: IX_Products_SupplierId; Type: INDEX; Schema: public; Owner: -
--

CREATE INDEX "IX_Products_SupplierId" ON public."Products" USING btree ("SupplierId");


--
-- Name: IX_PurchaseOrderItems_ProductId; Type: INDEX; Schema: public; Owner: -
--

CREATE INDEX "IX_PurchaseOrderItems_ProductId" ON public."PurchaseOrderItems" USING btree ("ProductId");


--
-- Name: IX_PurchaseOrderItems_PurchaseOrderId; Type: INDEX; Schema: public; Owner: -
--

CREATE INDEX "IX_PurchaseOrderItems_PurchaseOrderId" ON public."PurchaseOrderItems" USING btree ("PurchaseOrderId");


--
-- Name: IX_PurchaseOrders_SupplierId; Type: INDEX; Schema: public; Owner: -
--

CREATE INDEX "IX_PurchaseOrders_SupplierId" ON public."PurchaseOrders" USING btree ("SupplierId");


--
-- Name: IX_Reviews_CustomerId; Type: INDEX; Schema: public; Owner: -
--

CREATE INDEX "IX_Reviews_CustomerId" ON public."Reviews" USING btree ("CustomerId");


--
-- Name: Appointments FK_Appointments_Customers_CustomerId; Type: FK CONSTRAINT; Schema: public; Owner: -
--

ALTER TABLE ONLY public."Appointments"
    ADD CONSTRAINT "FK_Appointments_Customers_CustomerId" FOREIGN KEY ("CustomerId") REFERENCES public."Customers"("Id") ON DELETE CASCADE;


--
-- Name: OrderItems FK_OrderItems_Orders_OrderId; Type: FK CONSTRAINT; Schema: public; Owner: -
--

ALTER TABLE ONLY public."OrderItems"
    ADD CONSTRAINT "FK_OrderItems_Orders_OrderId" FOREIGN KEY ("OrderId") REFERENCES public."Orders"("Id") ON DELETE CASCADE;


--
-- Name: OrderItems FK_OrderItems_Products_ProductId; Type: FK CONSTRAINT; Schema: public; Owner: -
--

ALTER TABLE ONLY public."OrderItems"
    ADD CONSTRAINT "FK_OrderItems_Products_ProductId" FOREIGN KEY ("ProductId") REFERENCES public."Products"("Id") ON DELETE RESTRICT;


--
-- Name: Orders FK_Orders_Customers_CustomerId; Type: FK CONSTRAINT; Schema: public; Owner: -
--

ALTER TABLE ONLY public."Orders"
    ADD CONSTRAINT "FK_Orders_Customers_CustomerId" FOREIGN KEY ("CustomerId") REFERENCES public."Customers"("Id") ON DELETE CASCADE;


--
-- Name: PartRequests FK_PartRequests_Customers_CustomerId; Type: FK CONSTRAINT; Schema: public; Owner: -
--

ALTER TABLE ONLY public."PartRequests"
    ADD CONSTRAINT "FK_PartRequests_Customers_CustomerId" FOREIGN KEY ("CustomerId") REFERENCES public."Customers"("Id") ON DELETE CASCADE;


--
-- Name: Products FK_Products_Categories_CategoryId; Type: FK CONSTRAINT; Schema: public; Owner: -
--

ALTER TABLE ONLY public."Products"
    ADD CONSTRAINT "FK_Products_Categories_CategoryId" FOREIGN KEY ("CategoryId") REFERENCES public."Categories"("Id") ON DELETE RESTRICT;


--
-- Name: Products FK_Products_Suppliers_SupplierId; Type: FK CONSTRAINT; Schema: public; Owner: -
--

ALTER TABLE ONLY public."Products"
    ADD CONSTRAINT "FK_Products_Suppliers_SupplierId" FOREIGN KEY ("SupplierId") REFERENCES public."Suppliers"("Id") ON DELETE RESTRICT;


--
-- Name: PurchaseOrderItems FK_PurchaseOrderItems_Products_ProductId; Type: FK CONSTRAINT; Schema: public; Owner: -
--

ALTER TABLE ONLY public."PurchaseOrderItems"
    ADD CONSTRAINT "FK_PurchaseOrderItems_Products_ProductId" FOREIGN KEY ("ProductId") REFERENCES public."Products"("Id") ON DELETE RESTRICT;


--
-- Name: PurchaseOrderItems FK_PurchaseOrderItems_PurchaseOrders_PurchaseOrderId; Type: FK CONSTRAINT; Schema: public; Owner: -
--

ALTER TABLE ONLY public."PurchaseOrderItems"
    ADD CONSTRAINT "FK_PurchaseOrderItems_PurchaseOrders_PurchaseOrderId" FOREIGN KEY ("PurchaseOrderId") REFERENCES public."PurchaseOrders"("Id") ON DELETE CASCADE;


--
-- Name: PurchaseOrders FK_PurchaseOrders_Suppliers_SupplierId; Type: FK CONSTRAINT; Schema: public; Owner: -
--

ALTER TABLE ONLY public."PurchaseOrders"
    ADD CONSTRAINT "FK_PurchaseOrders_Suppliers_SupplierId" FOREIGN KEY ("SupplierId") REFERENCES public."Suppliers"("Id") ON DELETE RESTRICT;


--
-- Name: Reviews FK_Reviews_Customers_CustomerId; Type: FK CONSTRAINT; Schema: public; Owner: -
--

ALTER TABLE ONLY public."Reviews"
    ADD CONSTRAINT "FK_Reviews_Customers_CustomerId" FOREIGN KEY ("CustomerId") REFERENCES public."Customers"("Id") ON DELETE CASCADE;


--
-- PostgreSQL database dump complete
--

\unrestrict mdKxSWTp53DcNDSvfLozFgD71B5gAQRsK6THakqUwM5ErXvFYzHzqIFMl1R66PO

